ETC_20150317_000001	
ETC_20150317_000002	
ETC_20150317_000003	
ETC_20150317_000004	
ETC_20150317_000005	
ETC_20150317_000006	
ETC_20150317_000007	
ETC_20150317_000008	
ETC_20150317_000009	
ETC_20150317_000010	
ETC_20150317_000011	
ETC_20150317_000012	
ETC_20150317_000013	
ETC_20150317_000014	
ETC_20150317_000015	
ETC_20150317_000016	
ETC_20150317_000017	
ETC_20150317_000018	
ETC_20150317_000019	
ETC_20150317_000020	
ETC_20150317_000021	
ETC_20150317_000022	
ETC_20150317_000023	
ETC_20150317_000024	
ETC_20150317_000025	
ETC_20150317_000026	
ETC_20150317_000027	
ETC_20150317_000028	
ETC_20150317_000029	
ETC_20150317_000030	
ETC_20150317_000031	
ETC_20150317_000032	
ETC_20150317_000033	
ETC_20150317_000034	
ETC_20150317_000035	
ETC_20150317_000036	
ETC_20150317_000037	
ETC_20150317_000038	
ETC_20150317_000039	
ETC_20150317_000040	
ETC_20150317_000041	
ETC_20150317_000042	
ETC_20150317_000043	
ETC_20150317_000044	
ETC_20150317_000045	
ETC_20150317_000046	
ETC_20150317_000047	
ETC_20150317_000048	
ETC_20150317_000049	
ETC_20150317_000050	
ETC_20150317_000051	
ETC_20150317_000052	
ETC_20150317_000053	
ETC_20150317_000054	
ETC_20150317_000055	
ETC_20150317_000056	
ETC_20150317_000057	
ETC_20150317_000058	
ETC_20150317_000059	
ETC_20150317_000060	
ETC_20150317_000061	
ETC_20150317_000062	
ETC_20150317_000063	
ETC_20150317_000064	
ETC_20150317_000065	
ETC_20150317_000066	
ETC_20150317_000067	
ETC_20150317_000068	
ETC_20150317_000069	
ETC_20150317_000070	
ETC_20150317_000071	
ETC_20150317_000072	
ETC_20150317_000073	
ETC_20150317_000074	
ETC_20150317_000075	
ETC_20150317_000076	
ETC_20150317_000077	
ETC_20150317_000078	
ETC_20150317_000079	
ETC_20150317_000080	
ETC_20150317_000081	
ETC_20150317_000082	
ETC_20150317_000083	
ETC_20150317_000084	
ETC_20150317_000085	
ETC_20150317_000086	
ETC_20150317_000087	
ETC_20150317_000088	
ETC_20150317_000089	
ETC_20150317_000090	
ETC_20150317_000091	
ETC_20150317_000092	
ETC_20150317_000093	
ETC_20150317_000094	
ETC_20150317_000095	
ETC_20150317_000096	
ETC_20150317_000097	
ETC_20150317_000098	
ETC_20150317_000099	
ETC_20150317_000100	
ETC_20150317_000101	
ETC_20150317_000102	
ETC_20150317_000103	
ETC_20150317_000104	
ETC_20150317_000105	
ETC_20150317_000106	
ETC_20150317_000107	
ETC_20150317_000108	
ETC_20150317_000109	
ETC_20150317_000110	
ETC_20150317_000111	
ETC_20150317_000112	
ETC_20150317_000113	
ETC_20150317_000114	
ETC_20150317_000115	
ETC_20150317_000116	
ETC_20150317_000117	
ETC_20150317_000118	
ETC_20150317_000119	
ETC_20150317_000120	
ETC_20150317_000121	
ETC_20150317_000122	
ETC_20150317_000123	
ETC_20150317_000124	
ETC_20150317_000125	
ETC_20150317_000126	
ETC_20150317_000127	
ETC_20150317_000128	
ETC_20150317_000129	
ETC_20150317_000130	
ETC_20150317_000131	
ETC_20150317_000132	
ETC_20150317_000133	
ETC_20150317_000134	
ETC_20150317_000135	
ETC_20150317_000136	
ETC_20150317_000137	
ETC_20150317_000138	
ETC_20150317_000139	
ETC_20150317_000140	
ETC_20150317_000141	
ETC_20150317_000142	
ETC_20150317_000143	
ETC_20150317_000144	
ETC_20150317_000145	
ETC_20150317_000146	
ETC_20150317_000147	
ETC_20150317_000148	
ETC_20150317_000149	
ETC_20150317_000150	
ETC_20150317_000151	
ETC_20150317_000152	
ETC_20150317_000153	
ETC_20150317_000154	
ETC_20150317_000155	
ETC_20150317_000156	
ETC_20150317_000157	
ETC_20150317_000158	
ETC_20150317_000159	
ETC_20150317_000160	
ETC_20150317_000161	
ETC_20150317_000162	
ETC_20150317_000163	
ETC_20150317_000164	
ETC_20150317_000165	
ETC_20150317_000166	
ETC_20150317_000167	
ETC_20150317_000168	
ETC_20150317_000169	
ETC_20150317_000170	
ETC_20150317_000171	
ETC_20150317_000172	
ETC_20150317_000173	
ETC_20150317_000174	
ETC_20150317_000175	
ETC_20150317_000176	
ETC_20150317_000177	
ETC_20150317_000178	
ETC_20150317_000179	
ETC_20150317_000180	
ETC_20150317_000181	
ETC_20150317_000182	
ETC_20150317_000183	
ETC_20150317_000184	
ETC_20150317_000185	
ETC_20150317_000186	
ETC_20150317_000187	
ETC_20150317_000188	
ETC_20150317_000189	
ETC_20150317_000190	
ETC_20150317_000191	
ETC_20150317_000192	
ETC_20150317_000193	
ETC_20150317_000194	
ETC_20150317_000195	
ETC_20150317_000196	
ETC_20150317_000197	
ETC_20150317_000198	
ETC_20150317_000199	
ETC_20150317_000200	
